A00000,2877 South Qatar Ct.,48276  Gold Beach Blvd.,Orlando,Hawaii,DQ99 3RU,Guadeloupe
A00001,63953  Green Bay St.,94699 South Natchitoches Ave.,East Rutherford,Alaska,BE70 1KB,Heard Island and Mcdonald Islands
A00001,18668 North Andorra Way,85737  Benin Ct.,Wynne,Massachusetts,EL48 6UQ,Angola
A00001,25759 South Virgin Islands, British Blvd.,58332 South El Salvador Ln.,DuBois,Arkansas,YG92 3FD
A00001,48499  Benin Ln.,10122 East Equatorial Guinea Ln.,Cairo,Mississippi,OK97 1OQ,Argentina
A00002,49143  Montebello Ct.,82625 South Finland Ave.,Lansing,Tennessee,QW15 8GD,Mongolia
A00002,91687  Dominican Republic Ct.,26053  Saint Kitts and Nevis Ln.,Atlantic City,Nebraska,FK34 0JT,Vanuatu
A00002,46390 North Switzerland Blvd.,93255 East Fort Lauderdale Way,Bethlehem,Minnesota,AZ54 4LX,Antigua and Barbuda
A00002,67254 West Guinea St.,82871 South British Indian Ocean Territory Way,Port Orford,New York,HJ98 0YK,Bangladesh
A00003,84790 North United States Minor Outlying Islands Ct.,72800 West Cameroon Ave.,Scottsdale,Arkansas,DK78 3XQ,Costa Rica
A00003,95440 North Malaysia Ln.,19746 East Poughkeepsie Ave.,Memphis,Utah,IL53 7CA,Palau
A00003,13865 West China Ct.,11869 West Carbondale St.,Gardena,Mississippi,WZ11 0KU,Barbados
A00004,74552 North Saint Lucia Ln.,68937  Sweden St.,Durant,Utah,HV42 2GN,Martinique
A00004,75461  Antigua and Barbuda Ln.,51586 North Guinea-bissau Ave.,East Rutherford,Arizona,HA79 7DU,Tuvalu
A00004,28856  Malta Ave.,17882 West Turkey Ct.,Compton,Rhode Island,YF1 4RY,Georgia
A00005,60177 East Fresno St.,29744  Antarctica St.,Hattiesburg,Ohio,PI61 3OC,Burkina Faso
A00005,40521 West Mayotte St.,62813 East Olympia Ave.,Farrell,Colorado,LN30 9GF,Indonesia
A00005,76956 East Boise St.,66293  Czech Republic Blvd.,Dixon,Michigan,GV41 9FD,Comoros
A00006,21324  Antigua and Barbuda Way,50742 East Hammond Ave.,Logan,Rhode Island,QW56 4LX,Uruguay
A00007,98745 East South Georgia and The South Sandwich Islands Ct.,48083  Kiribati Ln.,Yigo,Oklahoma,FK89 1RI,Senegal
A00007,23675 South Namibia Ln.,87867 East Madagascar Ln.,North Platte,North Dakota,ZY78 4BF,Hungary
A00007,8989 East Miami Beach Blvd.,62001 East Honduras St.,Abilene,Kansas,VU67 6ST,Thailand
A00007,93465 West Saint Pierre and Miquelon Ave.,2834  Bahamas Ct.,Paducah,South Dakota,RP94 4EL,Mauritius
A00007,61626 North Guinea-bissau Ct.,11674 East Butte Ln.,Ogden,California,UX6 6BD,Pakistan
A00008,24072 East Burkina Faso Ave.,65805  Georgia Blvd.,Minnetonka,California,OH91 1IP,Iran
A00008,32615  Myanmar Ln.,35880 East Belgium Blvd.,Centennial,Louisiana,OZ57 1LB,Rwanda
A00008,30840 North Chad Ct.,75422 North South Georgia and The South Sandwich Islands Blvd.,Fort Smith,Minnesota,NG91 7PZ,Bermuda
A00008,16421 East Hopkinsville Way,34237  Kingston Blvd.,Selma,Virginia,HC29 0YI,Micronesia
A00008,38806 North Burkina Faso Ln.,4012 East Israel Ave.,Danville,Washington,FJ47 2KA,Guyana
A00008,56966 South North Charleston Ln.,61711 South Turkey St.,Berlin,Kansas,DS89 5ED,Cambodia
A00008,28233 North Orem Way,41974  Equatorial Guinea Ave.,Jeannette,Wisconsin,QW80 9GO,Bangladesh
A00008,5757  Colombia Ln.,71166 North Costa Rica Ave.,Charlotte Amalie,Texas,QV85 8EY,Philippines
A00010,29981 South Cocos (Keeling) Islands Ave.,48517 North Slovenia Way,East Rutherford,Florida,WI16 3BA,Venezuela
A00010,4671 South Kazakhstan Ln.,59621 South Chad Way,Union City,Utah,XY30 4PD,Singapore
A00011,65391 East El Monte Ln.,12683 South Chile Way,San Gabriel,Hawaii,UL50 4GV,Pitcairn
A00011,82593 South China Ave.,16427 North Niue Ave.,Manhattan Beach,Arizona,RU44 3BB,Myanmar
A00011,92553 North Bulgaria Way,62085 North British Indian Ocean Territory Ct.,Fort Lauderdale,Nevada,RK89 0GA,Fiji
A00011,22450 East Algeria Ct.,38316 West Gardena Way,Warren,Massachusetts,GX39 4HS,Gibraltar
A00011,68437  Czech Republic St.,56907 North Cook Islands Blvd.,Shawnee,South Carolina,ZP70 2NC,Lithuania
A00011,30097 East East Lansing Ct.,33056 West Zimbabwe Way,Norfolk,Montana,TG77 4WF,Costa Rica
A00012,17899 North Lesotho Way,64958 East Suriname Way,Fort Smith,New Mexico,ER88 2DO,Egypt
A00012,38573  Indonesia Ct.,69220 South Charleston Way,College Park,South Carolina,OM89 4NM,Georgia
A00012,56258 South Monaco Ct.,66261 South Brunei Darussalam Blvd.,Rancho Cucamonga,Minnesota,ZF29 0YL,Lebanon
A00012,78002 North Andorra Way,14645 East Austria Ave.,Los Angeles,New Hampshire,XQ63 5WM,Palau
A00012,86496  Bolivia Ln.,69015  Albania Ct.,Saint Paul,California,NV32 1JH,United Kingdom
A00012,46689  American Samoa Ave.,53672 South Falls Church Ln.,Colorado Springs,South Carolina,MJ90 0MG,Trinidad and Tobago
A00012,38249 North Hastings St.,77319 South Columbia St.,San Bernardino,Delaware,HO99 5EO,Suriname
A00012,15345  Corinth Blvd.,77870  Hattiesburg Ln.,Knoxville,Nebraska,JW20 9YO,Swaziland
A00013,86448 West Norwalk St.,6064  Portugal St.,Wilmington,New Mexico,MU67 3XN,Congo
A00013,78963  Pakistan Ct.,15649  Burkina Faso St.,Ponce,Maine,FZ49 5PP,Switzerland
A00013,11405 West Canada Way,41879 West Fort Dodge Way,Northampton,Oklahoma,FL58 1NK,Lesotho
A00013,42015 South Cameroon Ct.,88065 South Bolivia Ct.,Marietta,Texas,GF83 6MN,Kyrgyzstan
A00014,29301 West Austria Ave.,20847 North Haiti Way,San Francisco,Rhode Island,VM74 1BM,Slovenia
A00014,71361 West South Georgia and The South Sandwich Islands St.,60469  Guayama Blvd.,La Mirada,District of Columbia,OG34 0OJ,Gibraltar
A00014,19313 South Eritrea Ave.,66204  Mexico Way,Cruz Bay,California,YT88 5QT,Honduras
A00014,10171  Cape Verde St.,40889 North Baton Rouge Ave.,Pittsburgh,Virginia,PG8 5DZ,Hungary
A00014,16506 East Bolivia Ln.,43992 East Zambia Ave.,Claremont,Kentucky,VD5 9DF,Bahrain
A00015,67643 North Bahrain Ave.,44587 North Canada Way,Cicero,Maryland,MC5 5DM,Kyrgyzstan
A00016,55532 South Bismarck Way,57011 East Uzbekistan Ln.,Miami Beach,Idaho,RQ63 6OT,Egypt
A00017,26407 West Vanuatu Way,60712 South Bandera Ct.,Bossier City,Missouri,QZ85 9NE,Samoa
A00017,2103 East Gambia Way,95988 West Seychelles Way,West Palm Beach,Illinois,QG56 3UH,Gibraltar
A00017,34736 East Kearney Ct.,76542 South Australia Ln.,Enfield,Indiana,EI55 7DZ,Mongolia
A00017,57665 North Cook Islands Ln.,69155 East Czech Republic St.,Garden Grove,Missouri,FV69 7AY,Falkland Islands (Malvinas)
A00017,63369 North Romania Ln.,81058 South Faroe Islands Ln.,Christiansted,Minnesota,KZ32 0JA,Guam
A00018,69654  Northern Mariana Islands St.,17993 West Ann Arbor Way,Stanton,Texas,EI97 9NH,Costa Rica
A00018,151 South Sao Tome and Principe Ct.,64487 South Auburn Hills Blvd.,Clearwater,Oregon,AR89 9MS,Cayman Islands
A00018,75003  Burlingame Ln.,99021 East Honduras Ln.,Sonoma,California,JH5 5LR,Venezuela
A00019,22758  France Ln.,89899 South Berkeley Ct.,Caguas,New Mexico,DZ2 9HF,Afghanistan
A00019,87156 South Turks and Caicos Islands Way,83630 South Elsmere Blvd.,Irvine,Arizona,OF2 8LY,Indonesia
A00019,7016 South Marshall Islands St.,24223 East Iceland St.,Valencia,Oklahoma,YO55 5MH,Netherlands
A00020,8086 North Venezuela Ct.,57689 East Guyana Ln.,Toledo,New Hampshire,UN76 0JZ,New Zealand
A00020,49165 West Bermuda Ave.,12186 North Georgetown Ct.,Saint Joseph,Nebraska,ZS67 1YJ,Aruba
A00020,80628 North Sri Lanka Blvd.,17394  Tunisia St.,Newburgh,Oregon,UW2 8PR,Equatorial Guinea
A00020,80102 South Lesotho Way,73012 East Taiwan, Province of China Ct.,Pocatello,Pennsylvania,IX74 3WI
A00020,48873 East Nauru Ave.,32613 East Ukraine Ct.,Chester,Connecticut,HZ3 3GT,Tonga
A00021,50618 West Clarksburg Ln.,20545 West Little Falls St.,Lomita,Arizona,IJ87 0MR,South Africa
A00021,19639 North Aurora Blvd.,72880  Malawi Ln.,Flint,Tennessee,NN76 5SH,Andorra
A00021,61135 South Angola Ln.,43835 East Turks and Caicos Islands Ln.,North Tonawanda,Washington,YU8 5LG,Iceland
A00021,19492  Uruguay Ave.,15305 South Hungary Way,Joplin,Tennessee,AV11 5VH,Lesotho
A00021,44508 South Kazakhstan Ln.,94886 South Djibouti Blvd.,Michigan City,Michigan,SE86 0JF,Nicaragua
A00022,2612 South China St.,906 East Baldwin Park Ln.,Glen Cove,South Carolina,VF33 9FG,Djibouti
A00022,2296 South Christmas Island St.,44858  Singapore St.,South Portland,New Jersey,AD13 4VA,Svalbard and Jan Mayen
A00022,32355 North Croatia St.,78291 East Honduras Ct.,Deadwood,North Dakota,HM57 2IR,Liberia
A00022,62855 South Cook Islands Ct.,71307 West Gabon Way,Charleston,Oklahoma,BC89 7UE,Saint Kitts and Nevis
A00023,59295 South Austria Ave.,69687 West Ecuador Ct.,Bradbury,District of Columbia,BB12 7YM,Estonia
A00023,78211 North Paraguay Ct.,87789 North Cambridge Ln.,New Haven,Montana,EU53 2DL,Italy
A00023,27444 South Serbia and Montenegro Ave.,84417  Peru Ct.,Bozeman,Vermont,JF43 4AR,Turks and Caicos Islands
A00024,69442  Moldova Way,74016  Cape Verde Ave.,Citrus Heights,North Dakota,NI87 8ZG,Croatia
A00024,76609 West Uruguay Blvd.,79604 South Bahamas Ave.,Kent,Tennessee,ZW26 3YQ,Montserrat
A00025,2331  Palmdale Blvd.,59083 East Azerbaijan Ct.,Jeffersontown,Michigan,PB40 1HG,Syrian Arab Republic
A00026,71961 West Cranston Blvd.,45825 South Aruba Way,Washington,Virginia,QE27 7UU,Bolivia
A00026,3793 South Gambia Ave.,36476 North Alamogordo Ct.,Twin Falls,Michigan,ZJ45 9IZ,Germany
A00027,83072 East Eden Prairie Way,56969 West Papua New Guinea Blvd.,Gilette,Missouri,OD36 4CZ,Korea
A00027,32498 South Cocos (Keeling) Islands Ct.,47144 North Canton Way,Plantation,Florida,EL93 7HR,Iceland
A00028,13510  Botswana Blvd.,91119 North Hopkinsville Way,Nashville,Indiana,FH56 7BB,Maldives
A00028,76717 North Liechtenstein St.,7243  Gabon Ct.,Merizo,South Dakota,HZ45 2MD,Taiwan
A00028,99730 West Chile Ave.,75407 North Malawi Ct.,Duarte,Montana,DF82 6LH,United Arab Emirates
A00028,15188 East Spain Ln.,91842  Botswana Blvd.,Jersey City,Missouri,KC14 8WG,Virgin Islands
A00029,78008 North Estonia Ct.,69255 North Equatorial Guinea Way,Boulder Junction,Minnesota,LH58 9FH,Jordan
A00029,45103 South Kenya Way,55690 East Edmond St.,Kona,Illinois,ST97 9KM,Antigua and Barbuda
A00029,9949 West Lander Ct.,77646  United Kingdom Ct.,Hawthorne,Virginia,DO73 4JR,Australia
A00029,86654 North Baltimore Ln.,55196 South Pakistan Ct.,Chelsea,Rhode Island,SC37 5WL,Switzerland
A00029,20161 South Venezuela Ct.,38069 East Eatontown Ave.,Moscow,Alaska,BB64 0EX,Uganda
A00030,91651 West Murray Way,83272 East Thailand Blvd.,Springfield,West Virginia,HB2 3JQ,Seychelles
A00030,42920 West McAllen St.,7369 North Latvia Ln.,Brookfield,West Virginia,MY75 8KE,French Polynesia
A00031,59947 South Corona Way,77022 West Qatar Ave.,Fairfax,New Jersey,RF57 6ZG,Svalbard and Jan Mayen
A00031,40372 East Christmas Island Blvd.,3095 East Morocco Ln.,Milwaukee,Washington,AT88 5LY,Brunei Darussalam
A00031,95688 South Netherlands Antilles Ct.,40616 North Israel Ave.,Billings,Arizona,AA79 4SE,Australia
A00031,30805 North Tokelau St.,92158  Liberia Ct.,Liberal,Maryland,WX77 3XW,San Marino
A00031,46928 South Cape Verde Way,82989 South Saint Vincent and The Grenadines Ln.,Lebanon,Arkansas,MB57 7TW,Senegal
A00031,17709  Bahamas Way,81684 West Lower Burrell Ct.,McKeesport,Texas,FU94 4LP,Cyprus
A00032,29384 South Derby Ave.,48649 South Cody Blvd.,San Angelo,Mississippi,NF8 3SV,Solomon Islands
A00032,73387 North Belgium Way,57403 West Galesburg Way,Woodward,Rhode Island,KV25 9DZ,Kyrgyzstan
A00034,14641 West Enid St.,18495 East McKeesport Ave.,Springfield,Ohio,KY49 4QM,Bolivia
A00034,30681  Sao Tome and Principe Ct.,76272 East Nepal Blvd.,Paramount,Mississippi,KR64 6WB,Madagascar
A00034,60584 South Burkina Faso St.,11755  American Samoa Ct.,Catskill,Indiana,YX99 4CI,Anguilla
A00035,41047 North Turkmenistan Ave.,15131 East Benin Ln.,Boulder Junction,Oregon,OF15 0BL,China
A00035,52689 South Athens Ct.,53344 North Cocos (Keeling) Islands Ct.,Duquesne,Louisiana,HZ29 9FT,Palau
A00037,38037 East Bosnia and Herzegovina Way,32660 North Layton Way,Bowling Green,Iowa,NN77 1QQ,Antigua and Barbuda
A00037,13793 West Bellingham Blvd.,67628 West Virgin Islands, British Ct.,Manhattan Beach,Wisconsin,AO67 7GN
A00038,95340  Carson Ln.,81720 South Bolivia Blvd.,Scottsbluff,Connecticut,DS81 0UH,United Kingdom
A00038,76439 South United States Ln.,25905 East Netherlands Way,Centennial,Arkansas,OT99 2WT,Guatemala
A00038,50814  Bouvet Island Ln.,55219 East Israel St.,Yonkers,Florida,MW10 1LC,Poland
A00038,18178 South Montserrat St.,11265 North Miami Gardens Ln.,Columbia,Oregon,TR24 7LT,Panama
A00038,8108 South Aruba Ct.,6571 North Muskogee St.,Pascagoula,Utah,UU57 2PC,Saudi Arabia
A00039,47459 East Poland Ct.,28828  Cocos (Keeling) Islands Ct.,Amesbury,Nebraska,ZA59 0YO,Dominica
A00040,47692  Antarctica Ave.,6594 East Hungary Way,Kettering,West Virginia,NR69 4KU,Belarus
A00040,93869 East South Africa Blvd.,28128 South Biddeford Blvd.,Lubbock,Connecticut,MA9 3XJ,Portugal
A00040,79171 West Egypt Ln.,139  Niue St.,Eufaula,Missouri,OH6 0MX,Guyana
A00040,65068 East Fort Dodge Ct.,7303 South Andorra Ave.,Kansas City,New Jersey,GR22 4QP,Cocos (Keeling) Islands
A00041,97772  Jamaica Ave.,73056 West Kazakhstan Blvd.,Murrieta,Pennsylvania,SS14 8BA,Antarctica
A00042,30619 East Tunisia Way,21850 North Des Moines Ave.,Irving,Tennessee,AT89 7PN,Virgin Islands
A00042,56422 South Australia Blvd.,64913 East Bosnia and Herzegovina St.,Moreno Valley,Virginia,IU26 6NX,Suriname
A00042,85460 East Malawi Blvd.,52638  Zimbabwe Way,Meadville,Kansas,HE85 1QE,Cook Islands
A00042,42449 East Latvia Ct.,5328 West Reunion Blvd.,Agat,New Mexico,RT18 1EU,Yemen
A00043,88293 South Forrest City Way,85721  Pine Bluff Blvd.,Lower Burrell,Tennessee,IM59 4UQ,Mauritania
A00043,17120 East Tanzania, United Republic of Ave.,30137  Brazil Blvd.,Blacksburg,Nevada,DN48 1XZ
A00043,82678 North Henderson St.,8387  Finland Way,Newark,Idaho,BZ93 5UD,Central African Republic
A00043,87117 East Virgin Islands, U.S. Blvd.,71548 West Belarus Way,Altoona,Utah,SO41 7UJ
A00044,99192 South Congo Ln.,82528 North Cedar City St.,Monterey,California,JM65 7YL,Micronesia
A00044,80372 North Chino Blvd.,29538 South Green Bay Ct.,Baltimore,New Mexico,EC12 7ZG,Holy See (Vatican City State)
A00045,17448 North Iran, Islamic Republic of Ct.,49737 West Portugal St.,Pomona,Colorado,ZO50 8BJ
A00045,57521 East Bahamas Ave.,50645 North Comoros Ln.,Auburn,Vermont,ZQ66 6CA,Holy See (Vatican City State)
A00045,75447 South Cortland Ave.,40303 South Boulder Junction Blvd.,Providence,Wisconsin,AK9 3SQ,Rwanda
A00046,15111 West Tanzania, United Republic of Ln.,51918 East Senegal Way,Greenville,North Dakota,QJ91 7IE
A00046,78655 North Germany St.,3497 West Bolivia Way,Boise,Missouri,CS19 7OI,United States
A00046,10627 South Caguas Ln.,31444  Nepal Way,Santa Monica,California,FX91 4OS,Western Sahara
A00046,55619  Brazil Ct.,38043 East Brockton St.,Thousand Oaks,Tennessee,QK30 2RV,Falkland Islands (Malvinas)
A00046,99986 South El Salvador Blvd.,98929 South Rwanda Blvd.,Gadsden,Louisiana,QD63 8OT,United States
A00046,52118 East Bosnia and Herzegovina Ct.,63313 East Burkina Faso Blvd.,Gardena,Maryland,AV15 9CR,Sweden
A00047,86745 West Azerbaijan Ave.,13154 West Suriname Ct.,Stamford,Michigan,LJ43 2OO,United Arab Emirates
A00048,23207 West Virgin Islands, British St.,42665 South New Zealand St.,Revere,District of Columbia,MK82 1NP
A00048,49918 North Niue Ave.,43278 East Cook Islands St.,Palmdale,Mississippi,PW36 8YS,Israel
A00048,94410 West Honduras St.,22448 East Tanzania, United Republic of Ct.,Fayetteville,Tennessee,EI49 0JD
A00048,85276 North Botswana Ave.,2192  Deadwood Ave.,Glen Cove,Arizona,EO3 1BN,Sweden
A00048,4383  Hermitage Ln.,14925  Japan Ave.,Revere,Delaware,ZR90 6OO,Monaco
A00049,19428 North Iceland Ct.,12338 North Culver City Ave.,Joplin,New York,YK51 2JB,Tuvalu
A00049,15716 East Albania Ave.,50700 West Burundi Blvd.,Covington,Alaska,MF47 2MC,French Polynesia
A00050,60293 East Anguilla St.,26204 West Blacksburg Ln.,Latrobe,Colorado,RY41 1VJ,Slovenia
A00050,77193 East Comoros Ct.,58750 West Naperville Blvd.,San Jose,Michigan,GN78 4IV,Chad
A00051,22919 East Antarctica Ln.,38125 West Canada Ave.,Rensselaer,Maryland,NK42 9MD,Maldives
A00051,63939 South Virgin Islands, U.S. Ave.,52188 South Algeria Ct.,New Bedford,Vermont,RK29 0YF
A00052,5131 East Antarctica Way,31424 South French Polynesia Ln.,Fullerton,Wisconsin,DX91 4ZJ,Norfolk Island
A00052,16363 South Bhutan Blvd.,22561 North Cuba Ave.,Altoona,Virginia,ZB7 0QF,Solomon Islands
A00052,87237 West Cameroon Way,54251 North Cayman Islands Blvd.,DuBois,Oklahoma,BM31 6AV,Malta
A00053,72585 South Papua New Guinea Ln.,6182 West Antarctica Blvd.,Idaho Falls,Pennsylvania,PE41 7HZ,Serbia and Montenegro
A00054,64084 West Oman Ln.,16858 North Bozeman Ln.,Merced,California,LT87 0XJ,Suriname
A00054,79255 West Boulder Blvd.,71418 East Botswana Ln.,Lakewood,West Virginia,HJ32 4NM,Nepal
A00055,72204 North Algeria Way,23535  Gabon Ave.,Homer,Wisconsin,IW0 3BN,Morocco
A00056,11635 West Iceland St.,63903 West Burkina Faso Blvd.,Plainfield,Rhode Island,OM49 4PI,Western Sahara
A00056,22552 North Bahamas Ct.,30045 East Beacon Blvd.,Hamilton,Alabama,KY34 8JM,Gabon
A00056,67461 East La Jolla Ln.,9434  Glendora Blvd.,Hazleton,Texas,CV42 6GN,Tajikistan
A00057,5830 North Christmas Island Way,27477 East Austria Ave.,Winston-Salem,Alaska,VW5 2GW,Somalia
A00057,87562 North Antarctica Ln.,7419  Czech Republic Ave.,Nevada City,Michigan,EH35 8ED,Kiribati
A00057,20417 East American Samoa Ct.,6572  Brunei Darussalam Ave.,Nashua,Alaska,SF41 4JO,Switzerland
A00058,40082 South Austria Blvd.,20587 West Tonga Ave.,Edina,Tennessee,EP40 8ID,Malaysia
A00059,51807 West Senegal Way,70248 West Austria Ave.,Burlington,Nebraska,QG37 0RG,Trinidad and Tobago
A00059,32925 East Canada Ave.,34808 North Guatemala Ln.,Layton,Utah,RQ42 9UA,Niue
A00059,9203 South Pitcairn Blvd.,72253 East Burundi St.,Delta Junction,Massachusetts,AZ74 7KW,Sierra Leone
A00060,8689 South Bangladesh Way,92945  Bulgaria Blvd.,Crown Point,Pennsylvania,IH29 9DM,Romania
A00061,25690 West Costa Rica Ct.,28616 North Micronesia Blvd.,Bandera,Delaware,BZ20 9VK,Kiribati
A00062,11064 North Bulgaria Way,30226 West Christmas Island St.,Spartanburg,Kentucky,TX65 5QT,Nauru
A00063,58049 South Armenia Ct.,71504 North Mexico Ln.,Thibodaux,Montana,QB5 5UL,Eritrea
A00063,12252  Reunion Blvd.,27060 West Colombia Blvd.,Santa Barbara,Nevada,OP70 2VR,Burundi
A00064,78585  French Southern Territories Blvd.,96001  Macao Ave.,Benton Harbor,Pennsylvania,AG0 5JS,Gabon
A00064,32554 West Montpelier Blvd.,64951 North Antigua and Barbuda Ln.,Stockton,Kansas,HV8 0GF,Bulgaria
A00064,43776 East Austria Ln.,33025 South Faroe Islands St.,Edina,California,TO18 9HL,Djibouti
A00064,30690 East Canada St.,91487 East Austria Ln.,West Memphis,Wisconsin,JW57 5ZF,Slovenia
A00064,55218 South Mason City Ave.,78933  Lesotho Ln.,Urbana,Virginia,PB19 6HG,Hong Kong
A00065,38231  Angola Way,26825 West Angola Blvd.,La Palma,New Mexico,FG62 8GE,Croatia
A00066,44358 North American Samoa Blvd.,10648 East Solomon Islands Ct.,Sunbury,Montana,QW96 2BM,Azerbaijan
A00066,46290  Bhutan Blvd.,56699 East Vanuatu Way,Lebanon,Nebraska,KB19 7SB,Comoros
A00066,26275 South Liberal Blvd.,38899 East Baytown Ln.,Dayton,Alaska,DX73 2UT,Argentina
A00066,81340 South Korea, Republic of Ct.,14041 East Saudi Arabia Blvd.,Selma,Ohio,HI48 7ZC
A00066,16324 East Equatorial Guinea Ln.,9691  Cape Coral Way,Batavia,Arizona,MY77 3HY,Honduras
A00067,86875 East Dominica St.,14816 North Guayama Ln.,Miami Beach,Mississippi,MD20 1JW,Lebanon
A00067,77458 East Tokelau Ave.,36736 West Brunei Darussalam Blvd.,Billings,Indiana,QF82 7MB,Christmas Island
A00067,12758 South Uruguay Way,47433  Belarus Way,Beverly,Wisconsin,RF74 4YY,Spain
A00067,80506 South Benton Harbor Ave.,21625 West Ukraine Ln.,Sandy Springs,Louisiana,AJ53 4WC,Macedonia
A00068,97301 South Burundi Blvd.,12722 West Burkina Faso Ave.,Bend,New Mexico,GY8 4NO,South Georgia and The South Sandwich Islands
A00068,42122 West Newburgh Ct.,23457 South Athens Way,East Rutherford,Delaware,OK45 0FI,Cook Islands
A00068,20602 West Cyprus Ln.,47194 North Bhutan St.,Mission Viejo,California,HL98 3LT,Timor-leste
A00068,13550 North Estonia Way,57899 South Berkeley Blvd.,Anaheim,Kansas,XD35 3KR,Chad
A00068,34148  Chad Ln.,45887 West Cape Verde Ln.,Columbia,New York,ON39 5KH,Sao Tome and Principe
A00068,32243 East Finland Ct.,99969 North Bouvet Island St.,Steubenville,Colorado,HZ44 0ON,Cyprus
A00069,84295  Argentina Ave.,25342  Cambodia Ct.,Taylorsville,Mississippi,RE59 8ZJ,Afghanistan
A00069,76963 North Norfolk Island St.,50887 North Viet Nam Ct.,Cerritos,Mississippi,WP85 8CM,Mexico
A00069,29052 North East Hartford Ln.,92787  Brooklyn Park Ct.,Elizabeth City,Arizona,CZ11 1MW,Guatemala
A00070,71657 North Moscow Ct.,71153 East New Caledonia Ct.,Kankakee,Arkansas,SA99 3VN,Viet Nam
A00071,5450 North Chelsea Blvd.,3710 North Ecuador Blvd.,Rancho Santa Margarita,Texas,ST14 9BE,China
A00071,82336 North Serbia and Montenegro Ln.,85749 South Cayman Islands Ct.,Boston,New Jersey,LB33 6QD,Equatorial Guinea
A00071,36023 South Galveston Ct.,51195  Dominican Republic St.,Idaho Falls,Rhode Island,QJ58 0EA,Vanuatu
A00071,6176 East Central African Republic Ln.,98434 West Aruba Ln.,Glendale,Missouri,IC30 5TS,Canada
A00071,42729  Nauru St.,33457  Austria St.,Canton,Wyoming,CU69 8KX,New Zealand
A00071,33637  Allentown Ct.,12711 North Afghanistan Ln.,Syracuse,Virginia,TJ51 7TB,Maldives
A00071,11406 West Egypt Blvd.,34632  Bulgaria Way,Minot,Tennessee,NC83 8OZ,Mexico
A00072,8293 South Romania Ln.,25305  Central African Republic Ct.,Midwest City,Arizona,RK68 3YA,Niue
A00072,21624 East Gatlinburg Way,20445 South Belarus Blvd.,Chicago Heights,Pennsylvania,DQ70 9AV,Bangladesh
A00072,14945 South Palestinian Territory, Occupied Blvd.,98391  Bosnia and Herzegovina Blvd.,La Cañada Flintridge,Wyoming,OD39 9UJ
A00072,97289 South Myanmar Ct.,1508 South Kazakhstan Ln.,Lynwood,Connecticut,BC49 2QM,Vanuatu
A00072,56290 South Dominican Republic Ave.,36901 West Bermuda Way,Grand Forks,Mississippi,PI99 1QS,Hungary
A00073,83435 East Algeria Way,91503 South Sudan Ave.,Arcadia,Washington,WQ90 2JM,Afghanistan
A00073,66801  Sri Lanka Way,45961 West Antigua and Barbuda Blvd.,Woonsocket,Kentucky,LO45 3FF,Poland
A00073,13428 North Brunei Darussalam Ave.,39709 North Congo Blvd.,Keene,Montana,AB46 7XW,Chad
A00074,17874 East Argentina Way,84623  Macao Blvd.,Frankfort,California,JE84 0CO,Singapore
A00074,35444 North Benin Blvd.,44113 North Antigua and Barbuda Way,Chicopee,Arkansas,RK0 7UY,Cuba
A00074,39097 North Panama St.,39489 West Laughlin Blvd.,Fitchburg,Maine,AP8 5BQ,Saint Kitts and Nevis
A00074,58867  Uzbekistan Ave.,91687 East Aruba Blvd.,East Hartford,Virginia,NB76 0VE,Sri Lanka
A00075,21428 North Iceland Blvd.,70113 North Anderson Blvd.,Loudon,South Dakota,XX42 7ZH,Ukraine
A00075,58378 West Sierra Leone Ln.,45190 East Central African Republic St.,Murfreesboro,New Jersey,SF26 7US,Grenada
A00076,60391  Syrian Arab Republic Ct.,69505 South Berkeley Ln.,Niagara Falls,Texas,NQ74 3UW,Latvia
A00077,13473 South Netherlands Ct.,34950 South Franklin Ct.,Ann Arbor,Montana,OR56 0RD,Indonesia
A00077,71642 North Sierra Leone Blvd.,16675  Syrian Arab Republic Ct.,Dunkirk,Maryland,FG69 0QF,Northern Mariana Islands
A00077,38354 North Heard Island and Mcdonald Islands Blvd.,90111 West City of Industry Ct.,Dayton,Montana,KU73 0BL,Belarus
A00077,77129 North Slovenia Ln.,44684 South Gambia St.,Opelousas,North Dakota,RA92 9WD,Dominica
A00078,88236 North Bahrain Blvd.,4090 West Angola St.,Philadelphia,Virginia,FD55 9BF,Kazakhstan
A00078,74840 West Afghanistan St.,47133 East Cocos (Keeling) Islands Ct.,Ogdensburg,South Dakota,LL78 5TX,Mali
A00079,49807  Harrisburg Ave.,10284 North Austria Way,Cody,Alabama,CF73 6LG,Korea
A00080,48480 West Pine Bluff Way,24978  Luxembourg Ct.,Columbia,Nevada,YT17 1UD,Russian Federation
A00080,49360 North Meriden Ln.,54062 West Croatia Ave.,Fond du Lac,Texas,EN51 0MK,Sao Tome and Principe
A00081,50166 West Iceland Ave.,37421 North Georgia Ln.,Clarksville,Nebraska,BW53 8BU,Oman
A00081,94669 West Wallis and Futuna Blvd.,7727 North Grand Junction Blvd.,Kennewick,Maryland,HK95 0QX,Cyprus
A00081,42886 East Czech Republic Blvd.,80656 North Taiwan, Province of China Ave.,Placentia,North Dakota,NG38 3OB
A00081,68222 South Belgium Ave.,81141 West Covina Ct.,Laguna Woods,Arizona,CH24 5VE,Netherlands
A00081,15041 South New Zealand Ln.,33911 East Belize Way,Weirton,New Hampshire,XZ64 3KQ,Greece
A00081,28996  Korea, Republic of Way,53642 North Bulgaria Blvd.,Riverton,Virginia,UC10 2WW
A00082,27088 West Costa Rica Blvd.,4811 East Cape Verde Blvd.,Birmingham,Maryland,TS72 5SD,Gabon
A00082,46912 North Cameroon Ct.,46920 West Saint Pierre and Miquelon Ct.,Easthampton,Colorado,CX13 7WO,Australia
A00082,57012  Hungary Ct.,57235  Orange St.,Commerce,Vermont,DS5 0HB,United States Minor Outlying Islands
A00083,56245 South Angola St.,46417 West Bahrain St.,Everett,Maine,TL0 4NC,Lebanon
A00083,76081 East Central African Republic Ave.,90336 East Hickory Way,Duquesne,California,WH85 6VR,Togo
A00083,87886 South Colombia Ct.,79179 West Mobile Ln.,Ardmore,Arizona,UQ76 3JW,Mauritius
A00083,83209 West Chile St.,81641 South Brunei Darussalam Ct.,Littleton,Delaware,IH81 8VY,Moldova
A00084,13621  Huntington Beach Ct.,51678 West Saint Lucia Way,Stamford,Iowa,CB94 3BX,French Southern Territories
A00084,98075  Chile Blvd.,52072 East Senegal St.,Liberal,New York,SM43 0SA,Switzerland
A00085,15554  Columbus Ave.,67404 East Luxembourg Blvd.,Agoura Hills,Massachusetts,SE87 1RD,Dominica
A00086,77862  Morgantown Ave.,48091  French Southern Territories Ln.,Avalon,Pennsylvania,YV6 7LU,Barbados
A00086,2409 East Puerto Rico Way,67518 South Andorra Ct.,Seaford,Wyoming,JT22 3ZH,Monaco
A00086,79070  Argentina Ln.,48589 East Luxembourg Ave.,Norwich,Pennsylvania,XO77 6GW,United States Minor Outlying Islands
A00086,69475 West United Arab Emirates Ave.,91819 North Brookfield Blvd.,Lahaina,Vermont,FV11 2OU,Zimbabwe
A00087,5548 South Luxembourg Way,16073 East Chad St.,Irvine,Delaware,MB75 2OJ,Ethiopia
A00087,65734 West British Indian Ocean Territory St.,88702  Chad Ave.,Commerce,Nebraska,VH5 7GP,Monaco
A00087,72529  Luxembourg Ln.,39365 West DeKalb St.,Thiensville,District of Columbia,ST9 0ZH,Costa Rica
A00087,24347 South Belgium Blvd.,53129 North Cook Islands Blvd.,Minneapolis,Minnesota,XC67 9GM,Kuwait
A00087,30709 North Central African Republic St.,95743 East Russian Federation St.,Augusta,Maine,KV43 4QC,United Kingdom
A00087,56520 South Taiwan, Province of China Ct.,14613 North Carrollton Blvd.,Newcastle,Oregon,KN81 5FJ
A00088,56314 West Jamaica Ave.,35971 North Taiwan, Province of China St.,La Habra,New York,OV5 3SW
A00088,56384 South Comoros Ct.,15148 South British Indian Ocean Territory Ave.,Shelton,Delaware,XE34 5XX,South Africa
A00088,94596 East North Platte Ln.,79927 North Greenland St.,Columbus,Minnesota,MI54 5BD,Tonga
A00089,28761 East Cameroon St.,45701 West Martinique St.,Sault Ste. Marie,Nevada,OF56 2BS,Costa Rica
A00089,54591 East Bremerton Blvd.,19300  Gilette Blvd.,East Rutherford,New York,PG22 8BP,Saint Vincent and The Grenadines
A00089,35242  Palau Blvd.,42796 South Costa Rica St.,Augusta,Nebraska,VG76 8HY,Tuvalu
A00090,80181 North Saudi Arabia St.,71468 North Botswana Ct.,Urbana,Arizona,CZ20 9SE,American Samoa
A00092,12598 East Bolivia St.,91037 West Cook Islands St.,New London,Oregon,XC84 1OE,Azerbaijan
A00092,46422  Columbia Ct.,62800 West Nichols Hills Way,Coral Springs,Oklahoma,EA23 9FY,Tonga
A00092,45475 East Coral Springs Ave.,11990 South Cayman Islands Way,Durango,Arizona,CH0 1FT,Burundi
A00092,22709 South Antigua and Barbuda Way,89722 West Cocos (Keeling) Islands Ave.,Easton,Kentucky,AK87 4OL,United Kingdom
A00093,46008 North Trinidad and Tobago Way,84706 East Hoboken Ave.,Saint Louis,Ohio,JT45 5HV,Yemen
A00094,62884  Algeria Way,29898 West Venezuela Ct.,Santa Cruz,Missouri,XO72 5FK,Bulgaria
A00094,64453 South British Indian Ocean Territory Blvd.,68888  Burundi Ln.,Washington,Maine,ZP17 5HY,Reunion
A00094,75048  Calabasas St.,22348 South South Africa St.,Frankfort,New Hampshire,IB7 4LX,Yemen
A00094,9791 East Paraguay Ln.,35339 West Brigham City Ct.,Azusa,Oklahoma,ST56 5PX,Monaco
A00095,42533 West Algeria Way,13261 East Azerbaijan Blvd.,Lynchburg,New Hampshire,OC18 5VJ,Syrian Arab Republic
A00095,69516 North Brazil Blvd.,91685 South Holy See (Vatican City State) Way,Plano,Oklahoma,FO2 8RP,Christmas Island
A00095,52157 South Burundi Way,30610  Timor-leste St.,Danbury,Alabama,EL21 3DC,Djibouti
A00096,28813 South Azerbaijan Blvd.,94205  Rwanda Ct.,Kokomo,West Virginia,XS24 4EQ,Estonia
A00096,12257 East Botswana Blvd.,9149 West Escondido Ct.,Rutland,Arkansas,OP21 8SC,Papua New Guinea
A00096,68891 West Malta Ave.,14825  Nicaragua Blvd.,Erie,Kentucky,RK28 4FU,Iran
A00096,2135  Hannibal Ln.,59644 East Gastonia Ave.,Cedar Rapids,Virginia,MM73 4WM,Germany
A00097,54260 South Beckley Ct.,44189 West Guinea Ln.,Quincy,Connecticut,BV52 6CF,Australia
A00097,82673 North Zimbabwe Blvd.,58001 North Brooklyn Park Way,Fort Smith,Tennessee,XD90 7IW,Solomon Islands
A00098,35418 North Mali Ct.,98125 West Rwanda Ave.,Gettysburg,Vermont,PY82 8WN,Netherlands
A00098,48813  China Ln.,95117 East Armenia Blvd.,Beverly,Kansas,MP37 5FM,Antigua and Barbuda
A00098,97077 North France Ln.,7014 North Denmark Ct.,Asheville,South Dakota,FO48 2CV,Chad
A00099,30208 South Cocos (Keeling) Islands Ave.,98394 West Cuba Ave.,Pass Christian,Missouri,WG19 6VZ,United Arab Emirates
A00099,21642 East Franklin Ln.,95644 South Jamaica St.,Manhattan,Utah,HR97 0VF,Jordan
A00099,3755 East Albania Blvd.,43110 West Kuwait Way,Wausau,Kansas,SX74 1VX,Mayotte
A00099,34957 North Anaconda Way,10182 East Edina Blvd.,Hartford,Nebraska,BD42 8TT,Namibia
A00099,34024 West Somalia Ct.,65234 West Corona Way,Lubbock,New York,DO14 3XU,Hong Kong
